{
  "2015-12": 997.096492585025,
  "2016-01": 999.91,
  "2016-02": 1003.0557,
  "2016-03": 1006.748,
  "2016-04": 1010.1901,
  "2016-05": 1013.6123,
  "2016-06": 1016.7787,
  "2016-07": 1020.0427,
  "2016-08": 1023.2554,
  "2016-09": 1026.3402,
  "2016-10": 1029.5221,
  "2016-11": 1032.6171,
  "2016-12": 1035.8294,
  "2017-01": 1039.2621,
  "2017-02": 1042.1611,
  "2017-03": 1045.2075,
  "2017-04": 1047.9294,
  "2017-05": 1050.5427,
  "2017-06": 1052.9694,
  "2017-07": 1055.2846,
  "2017-08": 1057.4719,
  "2017-09": 1059.5996,
  "2017-10": 1061.7911,
  "2017-11": 1063.8688,
  "2017-12": 1066.0204,
  "2018-01": 1068.2126,
  "2018-02": 1070.2119,
  "2018-03": 1072.548,
  "2018-04": 1074.6551,
  "2018-05": 1076.9917,
  "2018-06": 1079.3907,
  "2018-07": 1081.8116,
  "2018-08": 1084.2472,
  "2018-09": 1086.6424,
  "2018-10": 4807.6121,
  "2018-11": 4812.5415,
  "2018-12": 4819.2415,
  "2019-01": 4825.82,
  "2019-02": 4832.1058,
  "2019-03": 4839.1073,
  "2019-04": 4845.9628,
  "2019-05": 4852.5891,
  "2019-06": 4858.4077,
  "2019-07": 4863.4466,
  "2019-08": 4868.1253,
  "2019-09": 4873.326,
  "2019-10": 4876.4951,
  "2019-11": 4879.8683,
  "2019-12": 4882.8959,
  "2020-01": 4885.3887,
  "2020-02": 4887.7164,
  "2020-03": 4892.3528,
  "2020-04": 4903.1164,
  "2020-05": 4903.90225,
  "2020-06": 4904.6881,
  "2020-07": 4905.1791,
  "2020-08": 4906.1183,
  "2020-09": 4906.466,
  "2020-10": 4906.7963,
  "2020-11": 4907.0953,
  "2020-12": 4907.3928,
  "2021-02": 4907.9052,
  "2021-03": 4908.1704,
  "2021-04": 4908.4956,
  "2021-05": 4908.7905,
  "2021-06": 4909.0847,
  "2021-07": 4909.3885,
  "2021-08": 4909.6931,
  "2021-09": 4909.1149,
  "2021-10": 4914.1336,
  "2021-11": 4920.3216,
  "2021-12": 4929.2918,
  "2022-01": 4941.9683,
  "2022-02": 4958.2785,
  "2022-03": 4977.0833,
  "2022-04": 4999.8366,
  "2022-06": 5056.9676,
  "2022-07": 5089.8979,
  "2022-08": 5125.6822,
  "2022-09": 5163.2829,
  "2022-10": 5200.6767,
  "2022-11": 5246.14,
  "2022-12": 5287.7323,
  "2023-01": 5332.3677,
  "2023-03": 5415.8662,
  "2023-04": 5456.2587,
  "2023-05": 5504.4106,
  "2023-06": 5548.4618,
  "2023-07": 5593.984,
  "2023-09": 5674.7198,
  "2023-11": 5747.8492,
  "2023-12": 5782.92,
  "2024-01": 5816.8769,
  "2024-02": 5846.4552,
  "2024-03": 5872.4728,
  "2024-04": 5900.1916,
  "2024-05": 5924.7824,
  "2024-06": 5946.409,
  "2024-07": 5968.019,
  "2024-08": 5989.669,
  "2024-09": 6009.8868,
  "2024-10": 6030.3854,
  "2024-11": 6049.8055,
  "2024-12": 6069.3455,
  "2025-01": 6087.6762,
  "2025-02": 6104.4912,
  "2025-03": 6123.1882,
  "2025-04": 6141.4105,
  "2025-05": 6160.386,
  "2025-06": 6178.849,
  "2025-07": 6197.6884,
  "2025-08": 6215.6746,
  "2025-09": 6232.8399,
  "2025-10": 6250.6982,
  "2025-11": 6268.169,
  "2025-12": 6285.9566,
  "2026-01": 6303.0823,
  "2026-02": 6318.4947,
  "2026-03": 6335.4774,
  "2026-04": 6351.9305,
  "2026-05": 6368.94
}